episode,traffic_level,reward,avg_wait,max_lane_wait,emergency_time,throughput,epsilon
1,low,-8599.001738936668,377.0,108,434,722,0.05213536498561189
2,medium,2561.0561023167807,13.0,4,317,1306,0.05
3,medium,1619.7258592839075,18.8,28,278,1341,0.05
4,high,-7160.914401173784,5.337209302325581,128,151,1420,0.05
5,medium,3560.787582116894,4.6,8,335,1293,0.05
6,low,1940.671407638418,0,0,644,717,0.05
7,low,2003.9655363399684,3.0,2,584,714,0.05
8,low,1490.7072571909664,2.5,2,655,722,0.05
9,medium,2693.1626675097514,5.3,39,236,1268,0.05
10,low,1633.878137678616,0,1,615,655,0.05
11,medium,3395.6561506233575,0,1,246,1269,0.05
12,low,1287.883844841017,0,3,648,750,0.05
13,high,-11254.493305289545,7.76530612244898,224,125,1288,0.05
14,low,1620.6896971315632,2.0,1,555,710,0.05
15,low,1147.0663584608687,4.0,2,653,702,0.05
16,medium,3216.96802835604,2.75,4,310,1250,0.05
17,medium,3358.495450200796,1.8,6,260,1310,0.05
18,low,-12790.086920549182,45.666666666666664,216,442,723,0.05
19,low,882.4702392629088,15.25,20,530,714,0.05
20,high,1107.9792370545108,1.3404255319148937,44,70,1607,0.05
21,medium,1134.6055313918719,36.333333333333336,32,282,1278,0.05
22,low,1294.6748581323584,27.0,8,512,766,0.05
23,low,1149.887749004296,0,5,514,697,0.05
24,medium,1340.2692433260866,19.875,42,314,1238,0.05
25,low,748.6665714614862,27.5,15,552,702,0.05
26,low,417.32474558625495,12.5,15,535,680,0.05
27,high,416.6921208367154,1.7291666666666667,49,68,1586,0.05
28,medium,2662.042708637294,77.0,22,207,1302,0.05
29,low,656.7705253950169,0,31,510,722,0.05
30,low,100.13959578762139,0,31,558,714,0.05
31,high,-871.376696471491,2.011111111111111,54,60,1580,0.05
32,high,-2112.4093741950405,2.4285714285714284,63,77,1572,0.05
33,low,719.0884820745595,22.333333333333332,20,455,761,0.05
34,low,30.506454099224253,43.5,26,524,722,0.05
35,low,67.04641082191988,56.0,33,571,711,0.05
36,low,251.1827991689299,80.0,22,520,718,0.05
37,low,419.4213733215132,0,39,452,740,0.05
38,low,-641.1371485564295,135.5,77,499,710,0.05
39,medium,1317.0760527799014,20.90909090909091,67,223,1290,0.05
40,high,-845.3495681165406,2.126315789473684,63,114,1574,0.05
41,high,3285.693667982172,0.78125,20,72,1650,0.05
42,high,3357.6321612291035,1.1368421052631579,30,68,1620,0.05
43,low,-3929.16812031768,142.75,163,421,728,0.05
44,medium,348.56826469169226,20.625,90,231,1244,0.05
45,low,-3814.717428183827,76.33333333333333,205,520,703,0.05
46,medium,1457.7056045474947,16.82608695652174,105,152,1231,0.05
47,low,-2655.8445121615705,89.16666666666667,157,418,703,0.05
48,high,3530.798121287203,0.8125,23,60,1627,0.05
49,high,3700.9158661921997,0.7083333333333334,18,65,1650,0.05
50,low,-8099.007775673661,30.5,276,511,692,0.05
51,medium,865.204219221006,10.387755102040817,138,161,1212,0.05
52,low,-7947.550011338615,22.727272727272727,314,527,679,0.05
53,high,3954.3625059472256,0.7659574468085106,20,50,1638,0.05
54,low,-3407.75045869413,83.42857142857143,180,481,703,0.05
55,medium,751.2894048443675,15.423076923076923,112,239,1251,0.05
56,medium,1941.0434996964925,13.461538461538462,91,259,1283,0.05
57,low,-4826.847681400499,71.27272727272727,222,360,690,0.05
58,medium,-781.9605598046285,15.333333333333334,161,187,1224,0.05
59,medium,71.52157899133593,12.680851063829786,167,261,1177,0.05
60,medium,1427.1376379170385,12.488888888888889,148,162,1256,0.05
61,medium,1350.8639944545173,12.487179487179487,132,226,1246,0.05
62,high,4118.353091967045,0.6129032258064516,17,38,1640,0.05
63,low,-2972.911695372779,144.4,186,463,676,0.05
64,low,-1921.2609835114044,596.0,160,425,697,0.05
65,medium,2223.881858000461,14.666666666666666,115,143,1270,0.05
66,low,-1563.4870744405753,51.61538461538461,180,478,702,0.05
67,high,3647.3340590506755,0.8387096774193549,24,49,1631,0.05
68,low,-1431.5823947696867,90.6,118,569,682,0.05
69,high,3196.8252448805397,1.1157894736842104,31,96,1608,0.05
70,high,3269.67845888007,0.9795918367346939,28,83,1618,0.05
71,medium,130.79417290753725,14.14,181,239,1156,0.05
72,high,4139.2621443924,0.6421052631578947,22,61,1646,0.05
73,low,-1124.107228025565,48.0,152,484,685,0.05
74,low,-1100.6080718732571,38.15,208,401,719,0.05
75,high,4332.33744722541,0.6458333333333334,17,41,1644,0.05
76,low,-325.75146742240526,178.0,92,469,759,0.05
77,high,4254.735221186867,0.9183673469387755,24,52,1624,0.05
78,low,112.08811659087168,0,92,491,728,0.05
79,low,-352.9068533623525,0,87,491,681,0.05
80,low,-294.82104322105164,0,98,542,707,0.05
81,high,4437.964520339034,0.6304347826086957,16,58,1648,0.05
82,low,-682.0428937548703,460.0,124,570,686,0.05
83,low,-898.5833568756987,420.0,109,445,739,0.05
84,medium,1306.7370908879975,12.9,205,149,1151,0.05
85,medium,566.0016713907556,20.8125,94,281,1256,0.05
86,low,-533.3484412737217,180.5,95,549,719,0.05
87,high,3959.326525802385,0.9574468085106383,24,79,1637,0.05
88,medium,771.0886274386273,13.35,215,96,1164,0.05
89,medium,2200.0968442156804,13.736842105263158,136,183,1245,0.05
90,low,-334.43798236476147,453.0,117,479,694,0.05
91,low,26.176641838435238,158.66666666666666,125,415,725,0.05
92,high,4417.73382836527,0.8041237113402062,20,46,1637,0.05
93,medium,2212.6502405199326,10.634920634920634,174,135,1207,0.05
94,medium,2331.521266127457,10.390243902439025,111,186,1232,0.05
95,medium,1494.1112610725497,12.73913043478261,156,133,1192,0.05
96,low,498.5266629526593,311.0,83,514,659,0.05
97,medium,1683.5753440241058,10.541666666666666,132,182,1246,0.05
98,low,601.2597881389419,385.0,101,474,681,0.05
99,low,58.09458781479764,454.0,115,539,757,0.05
100,high,4311.461887587998,0.7708333333333334,22,52,1638,0.05
101,high,3572.233902571694,1.0729166666666667,29,44,1619,0.05
102,medium,1072.125080607384,15.153846153846153,202,191,1142,0.05
103,medium,2009.6738124675826,11.11111111111111,229,137,1149,0.05
104,low,284.76686916619275,190.5,100,456,702,0.05
105,medium,1165.812084744582,9.0,107,221,1264,0.05
106,low,-36.05368362495727,118.33333333333333,90,544,687,0.05
107,high,3612.0294857542785,0.8571428571428571,23,64,1628,0.05
108,medium,2049.1890202754707,13.36,170,117,1208,0.05
109,low,-479.7043160943228,0,134,448,709,0.05
110,medium,2800.5043769578306,12.18,157,123,1264,0.05
111,medium,1928.3686129643147,13.431372549019608,174,169,1208,0.05
112,low,461.62780902445286,366.0,93,405,730,0.05
113,low,-645.4693301051369,107.0,81,431,726,0.05
114,medium,2641.8037269336455,13.324324324324325,127,132,1238,0.05
115,medium,2562.2535189745745,23.263157894736842,113,197,1219,0.05
116,medium,2510.538205309721,21.333333333333332,150,183,1211,0.05
117,high,3993.6808089240285,0.851063829787234,24,61,1632,0.05
118,low,-1698.058256186896,0,114,544,695,0.05
119,low,371.7892476495459,203.5,104,434,721,0.05
120,low,514.0846229122101,352.0,90,540,713,0.05
121,high,4027.706717018522,0.967032967032967,26,49,1631,0.05
122,low,128.1238335530866,58.166666666666664,91,550,711,0.05
123,medium,2728.128015638515,12.212121212121213,106,231,1258,0.05
124,low,484.2250705934113,62.4,80,513,694,0.05
125,medium,2296.145832814043,14.40625,119,167,1238,0.05
126,high,4253.292279862613,0.9895833333333334,28,46,1623,0.05
127,medium,1258.140690693728,13.630434782608695,166,229,1224,0.05
128,low,497.8107421371416,0,76,537,706,0.05
129,low,516.3796899072817,0,84,528,689,0.05
130,high,4260.59312569185,1.0729166666666667,28,61,1633,0.05
131,low,-90.2907977267031,0,66,579,682,0.05
132,medium,1849.1196013390563,20.714285714285715,147,231,1231,0.05
133,high,3348.8481595621965,0.8064516129032258,22,47,1635,0.05
134,high,3691.247949161494,0.6736842105263158,23,51,1643,0.05
135,low,-21668.643216013068,1073.0,278,505,645,0.05
136,high,3530.8603485964627,1.0208333333333333,28,51,1625,0.05
137,medium,1565.4161084785733,15.083333333333334,93,254,1210,0.05
138,low,776.2150834942123,253.0,65,528,706,0.05
139,low,61.55875683735065,68.25,69,579,711,0.05
140,low,918.8847922611014,235.0,61,497,678,0.05
141,low,504.91444738386673,160.5,82,499,745,0.05
142,medium,2612.9612508059695,16.40625,136,143,1273,0.05
143,medium,1870.1324038410312,21.5,110,264,1237,0.05
144,medium,2209.7230756250683,14.476190476190476,158,156,1251,0.05
145,low,675.7975031699896,123.33333333333333,97,471,762,0.05
146,medium,2212.7681651452535,19.727272727272727,168,160,1180,0.05
147,medium,2118.9325736124347,18.545454545454547,157,127,1232,0.05
148,medium,2127.290691996398,18.347826086956523,110,155,1251,0.05
149,medium,2311.839806366508,17.64516129032258,139,232,1204,0.05
150,high,3528.8907615267462,0.967741935483871,25,51,1632,0.05
151,medium,2317.530446447551,22.823529411764707,98,304,1206,0.05
152,high,4015.4516342476604,0.7578947368421053,22,39,1630,0.05
153,high,3691.909927113306,0.8020833333333334,22,58,1643,0.05
154,low,733.0494251725084,140.0,72,528,734,0.05
155,medium,3084.3258506873335,12.96551724137931,100,246,1273,0.05
156,medium,2943.2228244689477,19.115384615384617,128,205,1265,0.05
157,medium,2342.1514134365725,19.29032258064516,155,198,1224,0.05
158,low,101.91164037093904,0,52,620,716,0.05
159,low,159.34729208582343,296.0,80,531,709,0.05
160,low,1522.2247467675713,24.333333333333332,22,573,720,0.05
161,medium,2772.957309253594,16.77777777777778,154,112,1267,0.05
162,low,595.2282164106226,245.0,62,497,691,0.05
163,high,3740.108764849371,0.7872340425531915,21,46,1629,0.05
164,medium,3007.197704091407,16.18421052631579,157,131,1230,0.05
165,low,503.6464698797386,121.66666666666667,93,555,685,0.05
166,high,3834.9340329994575,0.9560439560439561,28,64,1635,0.05
167,high,4026.9533905176863,0.9574468085106383,24,37,1621,0.05
168,medium,2251.1720280126046,13.885714285714286,125,309,1253,0.05
169,low,859.4172325011307,362.0,93,477,698,0.05
170,low,-2074.5341756860716,44.166666666666664,71,615,666,0.05
171,high,4243.55141497185,0.6956521739130435,18,55,1640,0.05
172,high,4451.917764847589,0.7789473684210526,20,61,1645,0.05
173,low,812.0781633976283,58.666666666666664,89,509,694,0.05
174,high,4022.6557402860994,0.6451612903225806,17,56,1644,0.05
175,high,4231.608894735841,1.0421052631578946,28,58,1643,0.05
176,high,4083.581016144909,1.108695652173913,29,40,1619,0.05
177,low,1185.197773389799,170.66666666666666,130,381,761,0.05
178,medium,3327.1890335608123,18.3,138,100,1291,0.05
179,low,-34.094584259200744,478.0,121,490,735,0.05
180,medium,2641.7420053785386,21.8,139,144,1250,0.05
181,low,-17.63372115209229,501.0,128,450,726,0.05
182,medium,2965.109577091352,18.666666666666668,114,176,1231,0.05
183,medium,3308.0121460441146,23.285714285714285,125,135,1293,0.05
184,high,3354.335766341406,0.7894736842105263,21,65,1641,0.05
185,medium,1761.186074869971,20.90909090909091,179,144,1211,0.05
186,low,1013.3280852935342,74.4,96,461,718,0.05
187,high,4356.2229393797,0.8723404255319149,22,59,1650,0.05
188,high,4443.541406736744,0.6595744680851063,19,62,1648,0.05
189,high,4290.167617166249,0.6021505376344086,16,60,1652,0.05
190,low,1079.9904559104127,0,109,372,748,0.05
191,low,1203.4472550810774,188.0,50,570,715,0.05
192,high,4526.95049145741,0.7422680412371134,20,51,1638,0.05
193,medium,3383.1094436673698,18.59259259259259,127,129,1254,0.05
194,medium,2728.0381688874086,14.289473684210526,139,219,1257,0.05
195,low,299.7116439692235,67.66666666666667,161,400,711,0.05
196,low,35.96621309625229,270.0,137,502,755,0.05
197,low,525.7579144086288,121.25,123,460,735,0.05
198,medium,2621.088413593323,15.6,118,197,1251,0.05
199,medium,2192.063019667001,18.655172413793103,138,200,1249,0.05
200,low,-153.1595967396328,337.0,179,452,706,0.05
201,medium,2243.0653961573066,16.864864864864863,159,183,1232,0.05
202,medium,3196.8915208859403,23.944444444444443,110,175,1269,0.05
203,medium,3023.717137300056,20.80952380952381,113,177,1267,0.05
204,high,4794.672733233777,0.7311827956989247,18,46,1642,0.05
205,high,4481.362154111856,0.6631578947368421,19,49,1637,0.05
206,low,305.3256664694428,477.0,122,519,726,0.05
207,high,4154.42353272158,0.8144329896907216,21,52,1656,0.05
208,low,-55.69663506430542,246.0,128,503,713,0.05
209,high,4298.765269389214,0.7319587628865979,20,34,1623,0.05
210,low,-6695.464456762843,98.5,202,502,733,0.05
211,low,-88.21547752900547,503.0,129,522,667,0.05
212,high,4570.845003780343,1.0326086956521738,25,51,1636,0.05
213,medium,2866.523316921283,24.0,104,176,1248,0.05
214,low,166.10686856460117,169.33333333333334,128,424,704,0.05
215,high,4572.118553793987,0.6875,20,30,1641,0.05
216,medium,2834.3974038565375,17.869565217391305,104,296,1226,0.05
217,high,4519.041988848778,0.8723404255319149,22,51,1630,0.05
218,high,4471.557317602941,0.6276595744680851,18,57,1649,0.05
219,low,1063.9657544374397,269.0,69,444,701,0.05
220,low,1190.3905845725342,283.0,72,430,718,0.05
221,medium,3207.290726835039,19.210526315789473,93,200,1277,0.05
222,high,4793.456619632362,0.3958333333333333,10,44,1659,0.05
223,low,679.6593090357597,119.5,125,443,755,0.05
224,medium,2378.448596731061,59.22222222222222,136,190,1253,0.05
225,medium,3074.605085008653,37.30769230769231,123,153,1272,0.05
226,low,556.1633853431133,184.33333333333334,142,429,698,0.05
227,medium,3151.9178551335053,18.176470588235293,81,239,1272,0.05
228,high,3586.891583035305,1.092783505154639,29,50,1631,0.05
229,high,4112.507325748845,0.8571428571428571,26,57,1640,0.05
230,low,689.3061179376515,376.0,96,424,708,0.05
231,low,-840.0353617047389,169.0,85,582,682,0.05
232,medium,3487.8745832678924,20.166666666666668,92,191,1304,0.05
233,high,4739.498135677086,0.5806451612903226,15,52,1650,0.05
234,high,4708.563910779959,0.5957446808510638,16,48,1646,0.05
235,high,4769.938518938285,0.5052631578947369,16,51,1651,0.05
236,low,1634.1397154748067,0,1,623,718,0.05
237,low,660.8037019354921,294.0,75,500,705,0.05
238,high,4718.855697812393,0.6597938144329897,18,37,1628,0.05
239,low,341.6231536250879,191.0,147,472,717,0.05
240,high,4595.271138450191,0.6888888888888889,18,52,1647,0.05
241,low,1276.099536421541,354.0,89,434,714,0.05
242,high,4423.797807478553,1.064516129032258,26,51,1626,0.05
243,medium,2915.065918935213,20.523809523809526,110,279,1229,0.05
244,low,1089.978766896186,104.0,80,447,711,0.05
245,high,4593.582624922962,0.8645833333333334,23,40,1623,0.05
246,medium,3043.6511691934957,89.33333333333333,137,167,1241,0.05
247,low,1832.9532590632027,0,0,626,693,0.05
248,low,761.058426276291,189.0,95,532,688,0.05
249,high,4705.336299231147,0.8144329896907216,21,33,1634,0.05
250,high,4833.316802946321,0.7865168539325843,19,44,1647,0.05
251,low,1349.307522504285,80.0,61,565,704,0.05
252,low,1222.3424346163908,51.75,53,596,679,0.05
253,medium,3320.953726751058,21.15,109,142,1269,0.05
254,low,-956.0541313420626,0,176,452,695,0.05
255,high,4665.936076237235,0.8631578947368421,22,58,1643,0.05
256,low,763.7769364023038,203.0,106,544,641,0.05
257,low,973.058105730933,0,108,476,731,0.05
258,low,1497.3517241326995,0,1,659,752,0.05
259,medium,3331.4752174031146,17.0,104,151,1238,0.05
260,low,552.5612695218277,396.0,101,485,685,0.05
261,high,4714.836984665829,0.8645833333333334,22,49,1644,0.05
262,medium,3273.3396465941523,47.125,96,258,1259,0.05
263,low,542.4301815237189,209.5,108,501,693,0.05
264,high,4696.434190063107,0.8617021276595744,21,55,1649,0.05
265,medium,2996.510157516705,29.1875,119,193,1269,0.05
266,high,4378.813576107057,0.8279569892473119,21,53,1637,0.05
267,medium,3188.5831098283047,20.238095238095237,108,198,1255,0.05
268,medium,3250.3143882717595,17.47826086956522,103,221,1264,0.05
269,medium,3165.242032356089,24.263157894736842,116,200,1244,0.05
270,medium,3249.654115641708,27.666666666666668,107,210,1279,0.05
271,low,660.4842983945589,100.5,102,539,676,0.05
272,medium,2926.477701789168,31.071428571428573,110,295,1251,0.05
273,low,568.211965034059,216.5,110,462,721,0.05
274,medium,3532.7533121876822,17.391304347826086,101,187,1311,0.05
275,medium,2979.0413004784946,16.29032258064516,128,199,1273,0.05
276,low,48.656252182939085,130.0,164,457,726,0.05
277,low,636.626871003017,171.0,131,417,686,0.05
278,low,487.0522327216099,485.0,125,395,722,0.05
279,low,677.3521644394807,112.0,88,469,736,0.05
280,medium,2673.1414435261845,20.5,116,306,1236,0.05
281,high,4629.385872684451,0.6595744680851063,18,43,1638,0.05
282,low,39.65500200675463,674.0,174,466,717,0.05
283,high,4091.206667411967,1.1263157894736842,32,42,1622,0.05
284,high,4758.635749039439,0.7021276595744681,18,52,1641,0.05
285,high,4645.807579959429,0.8901098901098901,23,54,1635,0.05
286,low,524.5716588837743,86.0,67,533,673,0.05
287,medium,2644.035442862764,18.20689655172414,133,214,1248,0.05
288,medium,3239.1525755245784,18.689655172413794,138,118,1266,0.05
289,medium,2515.861039236191,26.363636363636363,148,183,1247,0.05
290,medium,2814.750684830423,14.150943396226415,190,170,1214,0.05
291,medium,2763.7682329968275,14.277777777777779,130,191,1260,0.05
292,low,494.96245058382084,600.0,153,455,736,0.05
293,medium,2791.737272494624,20.952380952380953,112,263,1245,0.05
294,low,1661.148291506187,0,1,522,705,0.05
295,medium,2827.3563268682506,15.263157894736842,149,126,1225,0.05
296,medium,2286.877132547874,18.864864864864863,182,103,1254,0.05
297,high,4669.91050190594,0.7894736842105263,20,43,1649,0.05
298,low,460.58073244643657,0,151,444,719,0.05
299,medium,3034.5272081441203,19.59259259259259,134,184,1239,0.05
300,medium,3052.224188370894,22.727272727272727,127,181,1248,0.05
301,low,1553.9051999475957,0.0,0,637,690,0.05
302,medium,3222.9255871697096,25.047619047619047,136,110,1254,0.05
303,medium,2475.34048248076,17.96969696969697,152,150,1225,0.05
304,low,101.46607602419843,118.33333333333333,93,579,726,0.05
305,medium,2680.396757592193,21.692307692307693,143,181,1235,0.05
306,low,1013.3787788824843,62.25,64,598,727,0.05
307,low,518.9730160555009,127.0,99,506,708,0.05
308,high,4482.03129403604,0.8279569892473119,21,52,1632,0.05
309,medium,2883.098383172242,27.94736842105263,134,164,1210,0.05
310,medium,2778.0616430837213,18.714285714285715,133,194,1242,0.05
311,high,4878.608716041376,0.574468085106383,17,48,1646,0.05
312,low,1038.622587324944,62.2,81,558,722,0.05
313,high,4586.022243134048,0.9368421052631579,24,48,1635,0.05
314,high,4583.136430257477,0.6382978723404256,17,60,1644,0.05
315,high,4433.724976903013,1.011111111111111,25,62,1623,0.05
316,low,1472.9187873240705,2.0,1,575,673,0.05
317,medium,2929.488546072078,37.25,113,134,1241,0.05
318,low,801.9218603524529,0,56,559,678,0.05
319,low,1438.7748761224539,70.33333333333333,54,497,739,0.05
320,high,4300.202286684898,0.8210526315789474,23,40,1635,0.05
321,medium,3176.498675967585,43.0,98,186,1239,0.05
322,high,4356.1365024621045,0.6777777777777778,17,46,1641,0.05
323,low,1442.0090812954543,1.0,2,577,687,0.05
324,high,2980.9965001567875,0.78125,35,41,1633,0.05
325,low,347.2396031291973,161.33333333333334,123,498,752,0.05
326,medium,2656.4131788323566,19.96153846153846,134,221,1255,0.05
327,high,4316.523188127282,0.9690721649484536,27,62,1628,0.05
328,low,1077.5482012065158,225.0,59,626,711,0.05
329,high,4327.901269158765,0.7346938775510204,22,33,1618,0.05
330,low,1723.7659047591214,0,4,624,731,0.05
331,high,4663.459532611318,0.7083333333333334,19,32,1627,0.05
332,medium,2548.2547089889067,263.5,135,107,1231,0.05
333,high,4551.963125085395,0.7659574468085106,20,46,1635,0.05
334,low,-568.8453766936984,227.0,118,493,743,0.05
335,low,1130.0576307348572,340.0,87,579,715,0.05
336,high,4816.560194621091,0.8333333333333334,23,41,1638,0.05
337,low,50.69400454359306,276.5,140,517,681,0.05
338,low,413.43867061972463,444.0,115,490,703,0.05
339,high,4808.4256701280965,0.7395833333333334,19,28,1619,0.05
340,medium,2564.7805281592955,23.863636363636363,135,154,1237,0.05
341,low,-750.4871933236534,233.0,179,437,717,0.05
342,low,557.9731597411524,167.5,86,492,716,0.05
343,medium,2785.870215810671,24.928571428571427,91,193,1287,0.05
344,medium,2348.9470466070075,23.90909090909091,135,257,1251,0.05
345,high,4453.260777785699,0.898989898989899,26,64,1638,0.05
346,low,410.48260826802317,365.0,96,498,734,0.05
347,low,126.083734007328,136.25,139,408,745,0.05
348,low,-1275.825063437495,357.0,92,579,687,0.05
349,medium,3065.7996044467845,24.952380952380953,134,142,1260,0.05
350,medium,3339.027544134667,16.16,102,185,1311,0.05
351,high,4598.815976710336,0.6979166666666666,19,34,1630,0.05
352,medium,2209.7964919689202,21.56,142,114,1247,0.05
353,low,936.6203313609291,157.0,81,509,707,0.05
354,high,4698.296271711292,0.7216494845360825,19,40,1637,0.05
355,medium,2746.465581145288,26.954545454545453,150,240,1228,0.05
356,medium,2848.062744956518,13.117647058823529,57,265,1286,0.05
357,low,897.6527893698244,298.0,76,615,672,0.05
358,low,944.373041792345,0,72,511,717,0.05
359,low,985.5199446338693,50.8,65,557,697,0.05
360,low,356.54732894322217,314.0,80,581,684,0.05
361,high,3881.606127016711,0.5212765957446809,15,61,1635,0.05
362,high,4658.705276077931,0.5368421052631579,14,47,1655,0.05
363,low,969.6104422282982,155.5,79,460,748,0.05
364,high,4768.3411753415485,0.6804123711340206,19,37,1632,0.05
365,high,4705.28782870875,0.6804123711340206,18,43,1650,0.05
366,high,4001.136921726302,0.7473684210526316,24,33,1644,0.05
367,low,1344.0153263902698,274.0,70,494,740,0.05
368,low,853.6397503237873,127.5,66,542,699,0.05
369,low,1364.6675912416633,77.33333333333333,59,430,703,0.05
370,low,960.4272984053661,0,56,551,685,0.05
371,medium,2832.6807157434328,27.142857142857142,144,192,1228,0.05
372,low,1264.005470288288,0,84,419,758,0.05
373,medium,3596.881762364461,23.842105263157894,116,150,1251,0.05
374,medium,2806.2651899182133,28.47826086956522,165,189,1232,0.05
375,low,1109.8555737844147,47.75,98,436,741,0.05
376,low,887.8570131745039,240.0,61,581,704,0.05
377,medium,3332.7938310540235,17.5,89,250,1270,0.05
378,low,600.5655102022599,0,131,389,788,0.05
379,high,4749.225835737502,0.7604166666666666,19,34,1624,0.05
380,low,731.8341933460576,70.28571428571429,128,415,738,0.05
381,low,31.503430715409618,514.0,132,492,735,0.05
382,medium,3384.7202731411926,36.5,113,148,1250,0.05
383,medium,3288.8475356016897,27.736842105263158,134,147,1256,0.05
384,medium,2697.518170721091,17.794871794871796,178,112,1229,0.05
385,medium,3003.819880788779,27.842105263157894,133,153,1234,0.05
386,medium,3248.0869390713524,25.6875,106,270,1245,0.05
387,low,798.6878380473561,207.5,106,471,704,0.05
388,medium,2867.5638569801067,28.11764705882353,123,253,1272,0.05
389,high,4631.48766072676,0.7659574468085106,19,60,1654,0.05
390,high,4796.007520323922,0.7666666666666667,18,44,1643,0.05
391,low,1043.171006965479,0,87,480,696,0.05
392,high,4592.310135576698,0.7040816326530612,18,39,1631,0.05
393,low,-292.24837198450007,258.0,130,495,728,0.05
394,low,727.6565650651705,101.66666666666667,154,445,748,0.05
395,medium,3336.258224121032,21.105263157894736,102,193,1280,0.05
396,medium,2650.6350365116095,27.73913043478261,161,174,1219,0.05
397,low,636.4469678649058,438.0,115,438,724,0.05
398,high,4074.6831235894356,1.108695652173913,26,53,1624,0.05
399,medium,2443.7679821646734,25.607142857142858,185,152,1198,0.05
400,low,553.745811782968,317.0,164,441,737,0.05
401,high,4674.040067089489,0.9791666666666666,25,39,1623,0.05
402,medium,3404.4208028921735,17.695652173913043,103,140,1290,0.05
403,medium,2606.8245008239846,17.26923076923077,114,298,1240,0.05
404,low,1189.059875653691,400.0,102,405,759,0.05
405,low,206.87037571326596,0,165,448,726,0.05
406,medium,2586.6152715710227,32.888888888888886,153,150,1236,0.05
407,medium,3237.3062443888966,35.13333333333333,135,152,1271,0.05
408,low,160.32727601208526,0,108,465,738,0.05
409,low,462.96376129307174,50.5,128,417,729,0.05
410,medium,2759.665617255657,21.96153846153846,145,189,1257,0.05
411,low,307.6611920815756,596.0,154,366,757,0.05
412,low,355.2145817543563,130.75,137,421,743,0.05
413,high,4575.300912916609,0.8210526315789474,22,47,1633,0.05
414,low,-266.8819906988545,141.0,110,537,728,0.05
415,high,4232.226118430434,1.0978260869565217,29,49,1639,0.05
416,medium,2923.9212785497166,17.545454545454547,99,265,1243,0.05
417,low,325.15539618805224,602.0,153,366,740,0.05
418,high,4935.173364406191,0.6526315789473685,16,35,1639,0.05
419,medium,2763.4855266233008,36.69230769230769,121,204,1231,0.05
420,low,487.49697677729694,220.0,111,413,719,0.05
421,medium,2435.0346855894163,18.227272727272727,103,285,1249,0.05
422,low,272.537501995699,499.0,128,505,701,0.05
423,low,209.90636291472953,529.0,134,442,734,0.05
424,high,4113.240973403792,0.5894736842105263,18,39,1644,0.05
425,low,35.091061209330995,135.33333333333334,103,490,718,0.05
426,medium,2971.1007637058956,14.735294117647058,130,153,1247,0.05
427,medium,2663.8729534927897,16.857142857142858,120,268,1241,0.05
428,high,4417.387499887137,1.074468085106383,31,51,1627,0.05
429,medium,2982.3613418044692,26.555555555555557,121,155,1275,0.05
430,high,4797.981392605273,0.5531914893617021,14,43,1644,0.05
431,low,350.83861465971586,134.0,169,385,755,0.05
432,high,4369.495942428236,0.78125,22,46,1643,0.05
433,low,1144.2770475236632,82.6,104,465,771,0.05
434,low,218.71628338296992,0,155,375,728,0.05
435,low,810.3112767251389,428.0,109,499,667,0.05
436,high,4484.870116022593,0.8229166666666666,25,34,1625,0.05
437,medium,2469.785492562931,20.227272727272727,112,291,1222,0.05
438,low,484.0879757406457,71.71428571428571,127,509,695,0.05
439,low,150.84057325469368,302.0,154,480,715,0.05
440,medium,3098.6318723422582,19.08,120,232,1209,0.05
441,low,251.69778409432462,0,133,507,693,0.05
442,high,4803.438166793968,0.8736842105263158,22,45,1643,0.05
443,medium,2959.42854122107,25.0,120,198,1245,0.05
444,high,4750.012830664355,0.8367346938775511,22,47,1629,0.05
445,low,918.202773149767,161.0,124,484,703,0.05
446,low,616.9548838634896,0,110,508,683,0.05
447,high,4313.930828054329,1.0315789473684212,28,44,1630,0.05
448,medium,3127.035255794128,18.0,93,219,1262,0.05
449,high,4578.228840575583,0.9072164948453608,22,47,1631,0.05
450,low,191.1919166381063,133.5,135,460,725,0.05
451,medium,3628.625440421414,16.625,67,190,1296,0.05
452,medium,3214.81288977802,13.5,76,225,1246,0.05
453,low,543.9900473903791,89.375,181,343,761,0.05
454,low,1246.373861189867,486.0,123,408,745,0.05
455,low,367.29275786904446,109.66666666666667,85,635,669,0.05
456,high,4836.473387382118,0.6770833333333334,18,35,1628,0.05
457,medium,3177.9878337862074,24.0,109,240,1231,0.05
458,medium,3680.5834803600446,21.6875,88,145,1318,0.05
459,medium,3127.1155434968528,32.05882352941177,140,190,1244,0.05
460,low,713.0965936011502,322.0,84,448,702,0.05
461,high,4576.154984058869,0.9789473684210527,25,52,1650,0.05
462,low,852.076675695536,298.0,76,535,657,0.05
463,low,925.1965841413654,148.33333333333334,113,481,712,0.05
464,high,4015.2015833119845,0.776595744680851,23,36,1631,0.05
465,low,305.5048903752232,171.5,88,530,732,0.05
466,low,957.9595552406262,41.0,115,457,711,0.05
467,medium,2995.1852496414635,17.791666666666668,108,234,1252,0.05
468,low,-14698.742918263662,114.5,177,620,695,0.05
469,high,4662.067278558723,0.7578947368421053,20,53,1652,0.05
470,low,760.9625372801892,79.0,140,462,685,0.05
471,low,-247.41703435616466,447.0,113,522,688,0.05
472,medium,2717.7630283329313,20.366666666666667,154,148,1222,0.05
473,low,1015.0311491570488,0,75,540,676,0.05
474,high,4269.331434178511,0.979381443298969,26,43,1626,0.05
475,medium,2491.4100903548538,16.925925925925927,115,270,1242,0.05
476,low,194.03909810730693,97.5,150,455,711,0.05
477,low,292.60266831198294,431.0,109,531,660,0.05
478,high,3804.834412444292,0.7894736842105263,21,54,1637,0.05
479,high,3966.2488494953695,1.0,24,48,1639,0.05
480,medium,2975.1554739329936,25.88235294117647,111,168,1265,0.05
481,low,931.0301180025058,0,155,426,733,0.05
482,medium,3411.850023310178,20.272727272727273,112,176,1268,0.05
483,low,1376.8336089870206,86.2,114,498,772,0.05
484,low,1360.739269443232,84.0,66,593,719,0.05
485,high,4650.633487318665,0.7263157894736842,18,43,1639,0.05
486,high,4961.797001722665,0.7835051546391752,20,47,1633,0.05
487,low,-1011.3147642714667,180.5,93,579,693,0.05
488,low,1429.1417393826544,135.5,69,547,764,0.05
489,low,1081.4505223103877,138.0,140,412,684,0.05
490,medium,2460.806562183981,15.425531914893616,184,146,1187,0.05
491,medium,2666.464281245705,15.342105263157896,147,181,1230,0.05
492,medium,2778.7050437449566,17.8125,144,163,1254,0.05
493,high,4696.483227779537,0.9072164948453608,23,32,1613,0.05
494,medium,2905.511243349585,25.666666666666668,136,196,1283,0.05
495,low,182.25183644182326,180.0,137,470,720,0.05
496,high,4504.717881245179,0.978494623655914,24,46,1630,0.05
497,medium,3259.908084960228,17.666666666666668,121,198,1244,0.05
498,high,4507.393127080049,1.0520833333333333,28,52,1624,0.05
499,medium,2908.7842224877586,23.0,138,215,1240,0.05
500,low,1126.512372741933,181.0,91,506,738,0.05
501,medium,3044.31381367373,25.470588235294116,109,230,1251,0.05
502,medium,3161.873142085257,26.5,134,203,1239,0.05
503,low,675.0665866400475,139.0,107,518,746,0.05
504,medium,3034.122165095393,18.607142857142858,133,201,1245,0.05
505,high,4757.606423517345,0.8723404255319149,24,45,1627,0.05
506,low,1617.7575104728387,0.25,1,550,740,0.05
507,high,4513.176473042844,0.9484536082474226,25,38,1620,0.05
508,medium,3086.142330552999,19.44,125,177,1235,0.05
509,high,4772.849725831969,0.8645833333333334,22,46,1638,0.05
510,medium,2721.8036753511124,21.818181818181817,122,207,1261,0.05
511,medium,2484.0511958108905,27.45,139,228,1214,0.05
512,low,1180.136336254219,83.0,26,535,711,0.05
513,low,1099.5509542785028,0,84,450,737,0.05
514,medium,2966.033787966043,16.625,137,151,1263,0.05
515,low,164.5223308381975,82.875,170,421,729,0.05
516,medium,3204.4451340896608,23.476190476190474,126,163,1281,0.05
517,medium,3249.413929649195,22.833333333333332,103,240,1253,0.05
518,high,4496.654689854103,0.7446808510638298,19,57,1639,0.05
519,low,1760.6266024086692,6.545454545454546,20,571,734,0.05
520,low,1933.342602990978,0,0,541,724,0.05
521,medium,2211.1887953761507,15.621621621621621,147,188,1229,0.05
522,medium,3137.6793958011617,21.470588235294116,93,186,1252,0.05
523,medium,2735.690259054284,20.9,106,227,1256,0.05
524,high,4335.150236789828,0.8775510204081632,23,41,1626,0.05
525,low,1126.621503206875,324.0,83,572,753,0.05
526,low,1294.484763899869,165.5,85,498,740,0.05
527,low,842.1722287278754,82.0,125,467,723,0.05
528,high,3812.7652741063175,0.8131868131868132,22,54,1640,0.05
529,low,656.1403417992809,257.0,129,464,728,0.05
530,high,4612.181843029263,0.8571428571428571,23,36,1616,0.05
531,low,-61.855408884618846,160.25,163,509,720,0.05
532,low,1244.8245794044255,136.0,104,473,736,0.05
533,low,900.6046758489246,116.25,118,494,734,0.05
534,high,4390.648744029118,0.7959183673469388,21,48,1635,0.05
535,low,1095.765498596808,105.0,110,441,752,0.05
536,low,244.2181809393535,0,119,487,717,0.05
537,medium,2818.0947285961424,20.416666666666668,127,181,1273,0.05
538,low,1235.8985376962194,218.0,110,415,761,0.05
539,medium,3100.9085093882613,25.105263157894736,120,182,1261,0.05
540,medium,2178.4522253683613,14.833333333333334,120,231,1273,0.05
541,medium,3259.949129736509,19.130434782608695,111,166,1280,0.05
542,high,4303.618025474984,0.8762886597938144,24,45,1617,0.05
543,medium,3115.3472468670893,17.272727272727273,96,281,1230,0.05
544,low,1208.4360416185261,258.5,130,397,779,0.05
545,medium,3578.53192177444,19.761904761904763,106,176,1267,0.05
546,medium,2902.6706867959515,16.96153846153846,112,261,1276,0.05
547,low,36.45489736307939,542.0,147,488,744,0.05
548,high,4370.7548082610865,0.7473684210526316,20,46,1648,0.05
549,medium,2951.5456131514347,31.68421052631579,154,167,1249,0.05
550,medium,2484.437890181679,24.40909090909091,137,202,1235,0.05
551,low,971.6998951644166,91.8,117,492,709,0.05
552,low,789.0606865733681,0,47,542,686,0.05
553,high,4773.637461796939,0.6530612244897959,18,36,1627,0.05
554,low,2091.4112833332024,0,0,560,739,0.05
555,low,1781.6196088800389,0,0,609,747,0.05
556,low,1591.5528184267819,25.2,35,519,683,0.05
557,low,339.83097035692185,60.111111111111114,139,443,736,0.05
558,medium,1925.1180035825835,13.424242424242424,119,224,1282,0.05
559,low,2099.06364781913,1.0,1,574,786,0.05
560,high,4343.384558843807,0.7604166666666666,23,58,1618,0.05
561,high,4200.718255890151,0.7446808510638298,18,43,1637,0.05
562,high,4218.125502825489,0.6875,19,42,1646,0.05
563,medium,2214.998869276721,19.571428571428573,139,218,1247,0.05
564,low,-138.1759533037206,260.0,132,492,737,0.05
565,medium,3139.5277737289816,18.03030303030303,149,130,1239,0.05
566,medium,3373.0687216498086,18.11111111111111,125,133,1258,0.05
567,medium,3221.362648772327,19.130434782608695,111,259,1238,0.05
568,low,-536.5155947886162,328.5,167,485,711,0.05
569,high,4347.38476137325,1.3125,34,47,1614,0.05
570,medium,2996.426483175562,22.782608695652176,134,199,1266,0.05
571,high,4483.771468430709,0.9484536082474226,28,31,1614,0.05
572,low,1665.2649858244058,0,0,585,689,0.05
573,low,207.8012910380012,159.25,165,483,729,0.05
574,medium,2993.003132710113,21.92,141,161,1250,0.05
575,medium,2983.065529255979,19.272727272727273,107,243,1240,0.05
576,high,4348.254775766804,1.184782608695652,30,47,1632,0.05
577,medium,3026.8976451765243,23.25,142,151,1244,0.05
578,low,1660.099886137475,0.6666666666666666,1,555,717,0.05
579,high,4753.858162971855,0.7422680412371134,19,35,1626,0.05
580,low,226.31172425286252,116.83333333333333,177,383,700,0.05
581,high,4459.387537469002,1.168421052631579,30,50,1626,0.05
582,medium,2879.398183306594,24.8,156,198,1218,0.05
583,low,-398.681974826348,314.5,160,495,710,0.05
584,high,4591.34860289816,1.0869565217391304,27,51,1641,0.05
585,high,4724.673132066213,0.8279569892473119,21,47,1638,0.05
586,high,4707.936701762922,1.1333333333333333,27,51,1618,0.05
587,low,723.9733173580562,223.5,112,474,709,0.05
588,medium,3355.741874429496,15.423076923076923,106,182,1279,0.05
589,low,738.2522989651906,66.4,84,497,708,0.05
590,low,-187.6167988929101,142.5,151,449,682,0.05
591,high,4701.893456368764,0.9072164948453608,23,60,1642,0.05
592,low,640.5444973247986,0,117,493,711,0.05
593,medium,3276.092200276106,18.566666666666666,142,104,1245,0.05
594,medium,3188.759688911272,16.161290322580644,127,172,1250,0.05
595,high,4469.738445321538,1.108695652173913,27,60,1628,0.05
596,low,138.96974129815302,316.0,161,422,717,0.05
597,low,63.48902058808065,0,105,521,714,0.05
598,high,4649.571150154607,0.9010989010989011,22,54,1646,0.05
599,medium,2168.228414285984,17.576923076923077,116,243,1247,0.05
600,high,4207.8280751893735,0.96875,24,46,1633,0.05
601,medium,2879.953008925791,13.1875,107,305,1227,0.05
602,low,-951.075221706926,363.5,186,375,769,0.05
603,medium,2571.063182257335,20.46153846153846,135,154,1262,0.05
604,low,-570.0950343553299,301.5,156,483,743,0.05
605,medium,3193.428037161692,18.0,105,152,1262,0.05
606,medium,3213.583368571183,19.363636363636363,109,125,1291,0.05
607,low,277.1000979674475,623.0,157,455,721,0.05
608,high,4412.986285084725,1.0515463917525774,28,47,1624,0.05
609,low,106.90673998234696,144.25,147,511,752,0.05
610,medium,2837.182710193722,31.954545454545453,178,155,1204,0.05
611,low,546.8385535248349,207.0,105,431,707,0.05
612,low,855.1737662119072,169.5,86,504,684,0.05
613,medium,2861.3970798987643,18.558823529411764,160,141,1219,0.05
614,low,1094.2400866536186,130.33333333333334,100,537,726,0.05
615,low,165.98908559626227,0,135,407,742,0.05
616,low,481.9129451095446,137.33333333333334,105,514,698,0.05
617,low,98.75388652480889,55.22222222222222,127,466,702,0.05
618,low,959.4720830018215,396.0,102,479,710,0.05
619,low,899.2804007776805,142.5,75,492,698,0.05
620,high,4464.755696523841,0.865979381443299,23,48,1635,0.05
621,medium,2691.8281775670234,15.585365853658537,163,154,1241,0.05
622,low,862.0871453273083,413.0,107,498,681,0.05
623,low,644.9471096769173,429.0,109,373,768,0.05
624,low,1022.8826387933541,71.0,125,459,758,0.05
625,high,4595.236713941202,1.2395833333333333,31,59,1616,0.05
626,medium,2755.9180615157165,23.91304347826087,139,238,1226,0.05
627,low,1320.12100126058,2.0,2,598,706,0.05
628,low,1172.8591640461416,317.0,81,484,753,0.05
629,medium,3085.8101003318,18.705882352941178,164,159,1245,0.05
630,low,901.6721188531236,93.0,73,521,689,0.05
631,medium,3469.223662807608,13.586206896551724,100,189,1269,0.05
632,low,1806.7808227731675,0,1,594,701,0.05
633,medium,2119.4358177941517,16.05,86,245,1260,0.05
634,medium,2973.7193248986123,17.425,180,118,1242,0.05
635,medium,3322.6123335260663,11.833333333333334,109,219,1254,0.05
636,medium,2931.541329763062,16.054054054054053,151,162,1220,0.05
637,low,1145.923653210477,57.166666666666664,88,428,742,0.05
638,medium,2833.1614579600955,18.357142857142858,198,127,1173,0.05
639,medium,2928.483260073744,16.59259259259259,113,206,1261,0.05
640,medium,2872.148101957185,18.419354838709676,146,137,1231,0.05
641,medium,3551.204992416785,14.36,91,142,1301,0.05
642,high,4170.721731155224,0.7291666666666666,24,48,1641,0.05
643,high,4596.80592082308,0.8125,21,57,1641,0.05
644,high,4413.978287860701,0.979381443298969,25,50,1630,0.05
645,low,1237.5232572423004,143.0,73,473,706,0.05
646,high,4174.612884969558,0.7731958762886598,23,42,1620,0.05
647,low,944.1386529554434,61.166666666666664,93,461,693,0.05
648,low,1108.0025550274,1.0,1,649,704,0.05
649,high,4250.046447938738,0.8762886597938144,23,44,1628,0.05
650,medium,3093.381996794458,15.612903225806452,123,120,1287,0.05
651,low,307.03287620502397,0,108,514,740,0.05
652,high,3951.2769552066243,0.9891304347826086,27,42,1629,0.05
653,medium,2827.109645721126,23.714285714285715,127,188,1229,0.05
654,high,4568.992458329515,0.7083333333333334,19,36,1630,0.05
655,medium,2930.0983554228155,19.3,147,206,1218,0.05
656,low,838.058193422956,60.2,76,573,724,0.05
657,medium,3248.3974930005456,20.238095238095237,109,183,1223,0.05
658,high,3531.9913496132635,1.2222222222222223,33,72,1636,0.05
659,medium,3056.5699573675397,19.275862068965516,142,177,1232,0.05
660,high,2753.757685119351,0.9777777777777777,35,54,1635,0.05
661,low,1193.8794244333221,0,51,458,716,0.05
662,high,4172.974685739706,0.9565217391304348,24,49,1637,0.05
663,medium,3473.7051853148664,13.304347826086957,79,242,1283,0.05
664,high,3443.561050903808,0.9690721649484536,35,61,1633,0.05
665,medium,3429.2534601345133,18.884615384615383,125,112,1272,0.05
666,medium,3184.142950462204,17.28,110,186,1239,0.05
667,high,4361.147316242004,0.7422680412371134,21,33,1636,0.05
668,low,1653.6210402510449,0.5,1,590,725,0.05
669,low,1544.6486927814722,1.0,1,666,701,0.05
670,medium,3118.367921202032,20.952380952380953,112,186,1233,0.05
671,medium,3280.273019294362,18.074074074074073,123,140,1280,0.05
672,medium,3212.281018840954,49.1,125,164,1270,0.05
673,low,1704.5446551774148,8.0,4,624,720,0.05
674,low,1299.0085611784352,149.5,77,474,724,0.05
675,low,1244.8757671859944,121.0,62,542,696,0.05
676,high,4590.773048605666,1.1546391752577319,29,45,1615,0.05
677,medium,3417.6429922517927,17.56,111,189,1256,0.05
678,low,1166.9581829967274,0,87,464,757,0.05
679,medium,2400.4120780757885,78.4,99,216,1278,0.05
680,low,1754.5712538874507,5.0,2,684,695,0.05
681,low,1860.2606164793172,1.6666666666666667,7,573,692,0.05
682,high,4686.190336396813,0.956989247311828,24,35,1609,0.05
683,medium,3071.977983770172,15.461538461538462,102,255,1246,0.05
684,low,1159.794121809318,122.5,63,521,697,0.05
685,medium,3207.1552325641087,16.708333333333332,102,215,1262,0.05
686,medium,3191.06580707258,19.866666666666667,152,124,1246,0.05
687,low,1137.7780245879733,0,67,478,736,0.05
688,high,4534.897101846737,0.8936170212765957,22,66,1633,0.05
689,low,1800.0006698484522,0,10,432,766,0.05
690,high,4206.825077291975,0.9893617021276596,27,52,1635,0.05
691,low,1801.0618551967373,17.8,25,519,735,0.05
692,low,1897.031487940106,4.0,4,561,720,0.05
693,high,4284.890617889011,1.168421052631579,29,42,1615,0.05
694,medium,3057.4346543589,23.136363636363637,129,199,1267,0.05
695,low,677.8882045864448,0,38,517,712,0.05
696,medium,2856.4799768199914,26.6,103,289,1230,0.05
697,medium,3195.9572597304705,54.3,139,142,1262,0.05
698,low,701.4337903334091,335.0,87,564,681,0.05
699,medium,2434.524400061261,23.0,184,132,1205,0.05
700,low,796.7917526634858,0,94,443,733,0.05
701,medium,3161.073450125684,16.73913043478261,99,124,1300,0.05
702,medium,2902.821100046591,28.5,88,236,1241,0.05
703,high,4179.731254541424,1.0,25,63,1627,0.05
704,low,1410.6698742690444,26.833333333333332,86,486,736,0.05
705,low,21.091506770410614,255.0,129,471,686,0.05
706,medium,2783.26597722357,17.666666666666668,109,223,1283,0.05
707,medium,3602.726069844466,13.96,89,157,1282,0.05
708,medium,2918.265075919117,15.451612903225806,120,193,1292,0.05
709,low,463.11774189960556,400.0,102,525,711,0.05
710,low,-439.1118949520837,446.0,114,554,741,0.05
711,high,4382.435577107278,1.0210526315789474,25,54,1633,0.05
712,medium,3223.4612675382446,22.653846153846153,148,100,1241,0.05
713,high,4026.471984122332,1.0,24,61,1625,0.05
714,low,1126.3400831136994,197.5,101,454,737,0.05
715,medium,2936.1046298965516,21.2,111,270,1257,0.05
716,high,4014.4662857093226,0.6145833333333334,17,40,1631,0.05
717,medium,2695.346447584507,18.78125,153,214,1248,0.05
718,medium,2447.79910601909,56.3,145,161,1268,0.05
719,low,1145.7741068839678,17.5,12,571,708,0.05
720,medium,3012.8192877902907,14.5,98,170,1270,0.05
721,medium,3165.722301884806,14.962962962962964,105,187,1281,0.05
722,low,1439.3054100053384,64.0,82,459,760,0.05
723,high,4024.2552571936412,1.03125,26,55,1631,0.05
724,medium,2843.8242955813566,25.6,131,153,1240,0.05
725,high,4221.078310622695,1.010204081632653,28,54,1634,0.05
726,high,4294.56225991889,0.9042553191489362,25,57,1630,0.05
727,low,1008.2069657382701,93.0,95,411,717,0.05
728,high,4015.136787784511,0.978021978021978,25,47,1632,0.05
729,medium,2795.631247558226,23.64,150,140,1223,0.05
730,high,3482.1659887726455,0.9148936170212766,22,54,1630,0.05
731,high,4332.379119274263,0.9583333333333334,25,63,1631,0.05
732,low,1274.4189866564243,179.0,92,493,698,0.05
733,low,895.0869448816885,156.0,78,469,761,0.05
734,medium,2991.0757699279816,23.05263157894737,111,176,1286,0.05
735,medium,2556.394286527571,33.833333333333336,156,129,1262,0.05
736,medium,3254.1447485101357,28.875,118,187,1233,0.05
737,medium,2778.13023727701,28.38888888888889,131,151,1243,0.05
738,low,1710.5148116846556,3.0,1,518,702,0.05
739,high,3850.119903473558,1.1979166666666667,30,51,1624,0.05
740,medium,2776.70643143936,15.789473684210526,77,270,1260,0.05
741,high,4056.5331123593533,0.9473684210526315,29,49,1623,0.05
742,high,4288.354466799514,0.8936170212765957,24,35,1632,0.05
743,medium,3091.6906717654056,18.821428571428573,136,169,1252,0.05
744,low,951.2575251620757,458.0,115,470,727,0.05
745,high,4461.4781680973365,0.84375,22,57,1633,0.05
746,high,4607.916046614093,0.9565217391304348,22,43,1617,0.05
747,high,4540.718057000104,0.7959183673469388,22,60,1651,0.05
748,high,4228.407137293484,0.956989247311828,25,46,1643,0.05
749,medium,2572.2868730672817,18.0,150,149,1254,0.05
750,medium,3168.246204178434,19.076923076923077,128,143,1281,0.05
751,medium,2826.9390580399695,20.032258064516128,159,136,1199,0.05
752,low,-136.50423533527194,388.0,102,551,727,0.05
753,high,4496.361491426741,0.967032967032967,26,54,1640,0.05
754,medium,2938.989673909536,14.884615384615385,98,263,1236,0.05
755,low,618.1438330891162,172.5,91,528,745,0.05
756,medium,3188.5593229152278,20.37037037037037,139,106,1248,0.05
757,low,1296.670950740391,0,87,457,712,0.05
758,low,1091.7334327975293,215.5,111,425,774,0.05
759,high,4210.915931625477,0.979381443298969,26,36,1622,0.05
760,high,4386.97958116176,0.8041237113402062,24,61,1653,0.05
761,medium,2486.663074476287,19.4,151,168,1262,0.05
762,medium,2847.722439512286,16.464285714285715,116,168,1245,0.05
763,medium,2831.811224462042,29.8,114,205,1263,0.05
764,high,4562.874087832965,0.7872340425531915,20,56,1640,0.05
765,high,4571.3965866494145,0.9032258064516129,23,55,1639,0.05
766,low,1135.7644048238265,67.4,85,544,697,0.05
767,low,1077.7759169133483,176.5,89,470,724,0.05
768,low,614.1314294612264,298.0,75,614,712,0.05
769,medium,2959.1096835870285,25.42105263157895,122,171,1265,0.05
770,low,978.0255938701549,287.0,74,579,697,0.05
771,high,4715.729374943408,0.7916666666666666,20,33,1633,0.05
772,low,927.8547396967681,122.33333333333333,95,521,698,0.05
773,low,173.25949003350286,0,131,419,729,0.05
774,low,1184.0357251236976,196.0,99,429,745,0.05
775,low,1117.0379815950819,87.75,89,496,726,0.05
776,high,4541.500844130887,0.6021505376344086,16,52,1649,0.05
777,low,847.3117237064098,191.0,96,528,724,0.05
778,low,970.5669746389905,0,74,447,723,0.05
779,low,596.4918697293402,225.0,114,438,736,0.05
780,low,998.1945556035352,380.0,98,487,744,0.05
781,low,983.7206352052641,317.0,83,472,695,0.05
782,low,637.105019014785,0,86,486,714,0.05
783,high,4568.84642243651,0.6526315789473685,18,44,1645,0.05
784,high,4745.225586869622,0.7157894736842105,18,37,1644,0.05
785,low,396.74362572152296,110.0,112,488,713,0.05
786,low,-103.55005823722385,211.5,109,575,740,0.05
787,high,4636.224469918817,0.7578947368421053,20,46,1645,0.05
788,high,4392.274715536838,1.0,28,46,1629,0.05
789,high,4732.303647961485,1.0,25,50,1633,0.05
790,low,904.4207540704932,178.0,93,427,707,0.05
791,low,800.4376440836455,73.4,93,552,727,0.05
792,low,1131.1083688219262,150.0,76,502,735,0.05
793,low,-4463.194477326321,0,130,466,696,0.05
794,low,-29600.159214726646,14.586666666666666,373,675,488,0.05
795,low,653.5165423670602,177.5,93,516,700,0.05
796,low,317.6679506033499,371.0,95,495,758,0.05
797,medium,3452.6643379732946,17.17391304347826,102,194,1270,0.05
798,low,851.5890848455173,0,80,551,693,0.05
799,medium,2492.1481996100983,22.24,141,158,1244,0.05
800,low,1026.6185632840136,125.0,65,640,673,0.05
